block_id,sub_block_id,aic_time(us),aic_total_cycles,aic_l1_read_bw(GB/s),aic_l1_write_bw(GB/s),aic_main_mem_read_bw(GB/s),aic_main_mem_write_bw(GB/s),aic_mte1_instructions,aic_mte1_ratio,aic_mte2_instructions,aic_mte2_ratio,aic_mte3_instructions,aic_mte3_ratio,aiv_time(us),aiv_total_cycles,aiv_ub_to_gm_bw(GB/s),aiv_gm_to_ub_bw(GB/s),aiv_main_mem_read_bw(GB/s),aiv_main_mem_write_bw(GB/s),aiv_mte2_instructions,aiv_mte2_ratio,aiv_mte3_instructions,aiv_mte3_ratio,read_main_memory_datas(KB),write_main_memory_datas(KB),GM_to_L1_datas(KB),GM_to_L1_bw_usage_rate(%),L1_to_GM_datas(KB)(estimate),L1_to_GM_bw_usage_rate(%)(estimate),L0C_to_L1_datas(KB),L0C_to_L1_bw_usage_rate(%),L0C_to_GM_datas(KB),L0C_to_GM_bw_usage_rate(%),GM_to_UB_datas(KB),GM_to_UB_bw_usage_rate(%),UB_to_GM_datas(KB),UB_to_GM_bw_usage_rate(%),
0,vector0,NA,NA,NA,NA,NA,NA,NA,NA,NA,NA,NA,NA,19.761110,35570,10.194959,10.074308,10.098438,10.207024,33,0.408659,53,0.362496,209.250000,211.500000,NA,NA,NA,NA,NA,NA,NA,NA,208.750000,4.577982,211.250000,5.457686,
1,vector0,NA,NA,NA,NA,NA,NA,NA,NA,NA,NA,NA,NA,23.341110,42014,8.631282,8.529137,8.554673,8.641497,33,0.402866,53,0.316323,209.375000,211.500000,NA,NA,NA,NA,NA,NA,NA,NA,208.750000,3.875823,211.250000,4.620600,
2,vector0,NA,NA,NA,NA,NA,NA,NA,NA,NA,NA,NA,NA,23.297777,41936,8.647336,8.545000,8.565468,8.657569,33,0.362219,53,0.318295,209.250000,211.500000,NA,NA,NA,NA,NA,NA,NA,NA,208.750000,3.883032,211.250000,4.629195,
3,vector0,NA,NA,NA,NA,NA,NA,NA,NA,NA,NA,NA,NA,22.745001,40941,8.857493,8.752671,8.778877,8.867976,33,0.391246,53,0.325664,209.375000,211.500000,NA,NA,NA,NA,NA,NA,NA,NA,208.750000,3.977402,211.250000,4.741699,
4,vector0,NA,NA,NA,NA,NA,NA,NA,NA,NA,NA,NA,NA,21.573889,38833,9.338312,9.227799,9.255427,9.349363,33,0.400021,53,0.348827,209.375000,211.500000,NA,NA,NA,NA,NA,NA,NA,NA,208.750000,4.193311,211.250000,4.999096,
5,vector0,NA,NA,NA,NA,NA,NA,NA,NA,NA,NA,NA,NA,23.568333,42423,8.548067,8.446907,8.467139,8.558184,33,0.373382,53,0.299389,209.250000,211.500000,NA,NA,NA,NA,NA,NA,NA,NA,208.750000,3.838456,211.250000,4.576053,
6,vector0,NA,NA,NA,NA,NA,NA,NA,NA,NA,NA,NA,NA,23.522778,42341,8.564622,8.463265,8.488605,8.574758,33,0.371578,53,0.282162,209.375000,211.500000,NA,NA,NA,NA,NA,NA,NA,NA,208.750000,3.845890,211.250000,4.584916,
7,vector0,NA,NA,NA,NA,NA,NA,NA,NA,NA,NA,NA,NA,23.439444,42191,8.595072,8.493355,8.513699,8.605244,33,0.391790,53,0.286720,209.250000,211.500000,NA,NA,NA,NA,NA,NA,NA,NA,208.750000,3.859563,211.250000,4.601216,
8,vector0,NA,NA,NA,NA,NA,NA,NA,NA,NA,NA,NA,NA,22.872778,41171,8.808012,8.703775,8.724623,8.818436,33,0.394598,53,0.282893,209.250000,211.500000,NA,NA,NA,NA,NA,NA,NA,NA,208.750000,3.955183,211.250000,4.715210,
9,vector0,NA,NA,NA,NA,NA,NA,NA,NA,NA,NA,NA,NA,23.308889,41956,8.643213,8.540927,8.566499,8.653441,33,0.368577,53,0.285776,209.375000,211.500000,NA,NA,NA,NA,NA,NA,NA,NA,208.750000,3.881181,211.250000,4.626988,
10,vector0,NA,NA,NA,NA,NA,NA,NA,NA,NA,NA,NA,NA,22.798889,41038,8.836557,8.731983,8.752898,8.847015,33,0.379015,53,0.320751,209.250000,211.500000,NA,NA,NA,NA,NA,NA,NA,NA,208.750000,3.968001,211.250000,4.730491,
11,vector0,NA,NA,NA,NA,NA,NA,NA,NA,NA,NA,NA,NA,19.428888,34972,10.369286,10.246572,10.277251,10.381557,33,0.443183,53,0.378245,209.375000,211.500000,NA,NA,NA,NA,NA,NA,NA,NA,208.750000,4.656263,211.250000,5.551010,
12,vector0,NA,NA,NA,NA,NA,NA,NA,NA,NA,NA,NA,NA,20.899445,37619,9.639668,9.525589,9.554109,9.651075,33,0.434887,53,0.360084,209.375000,211.500000,NA,NA,NA,NA,NA,NA,NA,NA,208.750000,4.328633,211.250000,5.160421,
13,vector0,NA,NA,NA,NA,NA,NA,NA,NA,NA,NA,NA,NA,20.054445,36098,10.045837,9.926952,9.950729,10.057726,33,0.440357,53,0.373179,209.250000,211.500000,NA,NA,NA,NA,NA,NA,NA,NA,208.750000,4.511021,211.250000,5.377857,
14,vector0,NA,NA,NA,NA,NA,NA,NA,NA,NA,NA,NA,NA,20.347221,36625,9.901288,9.784113,9.813407,9.913006,33,0.422089,53,0.371986,209.375000,211.500000,NA,NA,NA,NA,NA,NA,NA,NA,208.750000,4.446112,211.250000,5.300475,
15,vector0,NA,NA,NA,NA,NA,NA,NA,NA,NA,NA,NA,NA,20.076111,36137,10.034996,9.916239,9.939990,10.046872,33,0.416139,53,0.342032,209.250000,211.500000,NA,NA,NA,NA,NA,NA,NA,NA,208.750000,4.506153,211.250000,5.372054,
16,vector0,NA,NA,NA,NA,NA,NA,NA,NA,NA,NA,NA,NA,21.251112,38252,9.480148,9.367957,9.390396,9.491367,33,0.430958,53,0.350884,209.250000,211.500000,NA,NA,NA,NA,NA,NA,NA,NA,208.750000,4.257001,211.250000,5.075026,
17,vector0,NA,NA,NA,NA,NA,NA,NA,NA,NA,NA,NA,NA,21.448889,38608,9.392734,9.281577,9.309366,9.403850,33,0.412790,53,0.372591,209.375000,211.500000,NA,NA,NA,NA,NA,NA,NA,NA,208.750000,4.217749,211.250000,5.028230,
18,vector0,NA,NA,NA,NA,NA,NA,NA,NA,NA,NA,NA,NA,20.271111,36488,9.938464,9.820848,9.844372,11.191064,33,0.421289,53,0.359433,209.250000,237.875000,NA,NA,NA,NA,NA,NA,NA,NA,208.750000,4.462805,211.250000,5.320377,
19,vector0,NA,NA,NA,NA,NA,NA,NA,NA,NA,NA,NA,NA,20.718334,37293,9.723933,9.608857,9.637627,10.949494,33,0.426461,53,0.350361,209.375000,237.875000,NA,NA,NA,NA,NA,NA,NA,NA,208.750000,4.366472,211.250000,5.205532,
20,vector0,NA,NA,NA,NA,NA,NA,NA,NA,NA,NA,NA,NA,20.768888,37384,9.700264,9.585468,9.614167,10.922842,33,0.443024,53,0.333084,209.375000,237.875000,NA,NA,NA,NA,NA,NA,NA,NA,208.750000,4.355843,211.250000,5.192861,
21,vector0,NA,NA,NA,NA,NA,NA,NA,NA,NA,NA,NA,NA,20.639444,37151,9.761101,9.645585,9.668688,10.991346,33,0.430433,53,0.340072,209.250000,237.875000,NA,NA,NA,NA,NA,NA,NA,NA,208.750000,4.383162,211.250000,5.225429,
22,vector0,NA,NA,NA,NA,NA,NA,NA,NA,NA,NA,NA,NA,20.318333,36573,9.915366,9.798024,9.827360,11.165054,33,0.426708,53,0.336204,209.375000,237.875000,NA,NA,NA,NA,NA,NA,NA,NA,208.750000,4.452433,211.250000,5.308012,
23,vector0,NA,NA,NA,NA,NA,NA,NA,NA,NA,NA,NA,NA,20.811111,37460,9.680583,9.566020,9.588933,10.900681,33,0.428644,53,0.334597,209.250000,237.875000,NA,NA,NA,NA,NA,NA,NA,NA,208.750000,4.347005,211.250000,5.182325,
24,vector0,NA,NA,NA,NA,NA,NA,NA,NA,NA,NA,NA,NA,21.655556,38980,9.303095,9.193000,9.215018,10.475616,33,0.399102,53,0.320523,209.250000,237.875000,NA,NA,NA,NA,NA,NA,NA,NA,208.750000,4.177497,211.250000,4.980244,
25,vector0,NA,NA,NA,NA,NA,NA,NA,NA,NA,NA,NA,NA,21.528889,38752,9.357831,9.247087,9.274774,10.537251,33,0.418120,53,0.328525,209.375000,237.875000,NA,NA,NA,NA,NA,NA,NA,NA,208.750000,4.202075,211.250000,5.009545,
26,vector0,NA,NA,NA,NA,NA,NA,NA,NA,NA,NA,NA,NA,21.965555,39538,9.171801,9.063259,9.084968,10.327774,33,0.390839,53,0.325054,209.250000,237.875000,NA,NA,NA,NA,NA,NA,NA,NA,208.750000,4.118540,211.250000,4.909957,
27,vector0,NA,NA,NA,NA,NA,NA,NA,NA,NA,NA,NA,NA,21.645555,38962,9.307393,9.197247,9.224784,10.480455,33,0.412196,53,0.338843,209.375000,237.875000,NA,NA,NA,NA,NA,NA,NA,NA,208.750000,4.179427,211.250000,4.982544,
28,vector0,NA,NA,NA,NA,NA,NA,NA,NA,NA,NA,NA,NA,21.416666,38550,9.406866,9.295542,9.323373,12.479403,33,0.429935,53,0.332633,209.375000,280.250000,NA,NA,NA,NA,NA,NA,NA,NA,208.750000,4.224094,211.250000,5.035795,
29,vector0,NA,NA,NA,NA,NA,NA,NA,NA,NA,NA,NA,NA,22.011667,39621,9.152587,9.044272,9.065935,12.613239,33,0.402438,53,0.329219,209.250000,291.125000,NA,NA,NA,NA,NA,NA,NA,NA,208.750000,4.109912,211.250000,4.899672,
30,vector0,NA,NA,NA,NA,NA,NA,NA,NA,NA,NA,NA,NA,19.703333,35466,10.224854,10.103849,10.134101,10.236955,33,0.399227,53,0.351802,209.375000,211.500000,NA,NA,NA,NA,NA,NA,NA,NA,208.750000,4.591407,211.250000,5.473690,
31,vector0,NA,NA,NA,NA,NA,NA,NA,NA,NA,NA,NA,NA,21.543888,38779,9.351315,9.240649,9.262782,9.362382,33,0.408701,53,0.330127,209.250000,211.500000,NA,NA,NA,NA,NA,NA,NA,NA,208.750000,4.199150,211.250000,5.006057,
32,vector0,NA,NA,NA,NA,NA,NA,NA,NA,NA,NA,NA,NA,22.408890,40336,8.990347,8.883952,8.905231,9.000987,33,0.383801,53,0.317533,209.250000,211.500000,NA,NA,NA,NA,NA,NA,NA,NA,208.750000,4.037059,211.250000,4.812819,
33,vector0,NA,NA,NA,NA,NA,NA,NA,NA,NA,NA,NA,NA,22.086111,39755,9.121737,9.013787,9.040775,9.132532,33,0.378820,53,0.320035,209.375000,211.500000,NA,NA,NA,NA,NA,NA,NA,NA,208.750000,4.096059,211.250000,4.883157,
34,vector0,NA,NA,NA,NA,NA,NA,NA,NA,NA,NA,NA,NA,22.044445,39680,9.138978,9.030825,9.052455,9.149794,33,0.383417,53,0.327722,209.250000,211.500000,NA,NA,NA,NA,NA,NA,NA,NA,208.750000,4.103801,211.250000,4.892386,
35,vector0,NA,NA,NA,NA,NA,NA,NA,NA,NA,NA,NA,NA,23.067223,41521,8.733765,8.630406,8.656246,8.744101,33,0.398714,53,0.309000,209.375000,211.500000,NA,NA,NA,NA,NA,NA,NA,NA,208.750000,3.921843,211.250000,4.675463,
36,vector0,NA,NA,NA,NA,NA,NA,NA,NA,NA,NA,NA,NA,22.768888,40984,8.848201,8.743488,8.769667,8.858672,33,0.413796,53,0.316197,209.375000,211.500000,NA,NA,NA,NA,NA,NA,NA,NA,208.750000,3.973229,211.250000,4.736724,
37,vector0,NA,NA,NA,NA,NA,NA,NA,NA,NA,NA,NA,NA,22.457222,40423,8.970998,8.864833,8.886065,8.986923,33,0.385597,53,0.318185,209.250000,211.625000,NA,NA,NA,NA,NA,NA,NA,NA,208.750000,4.028371,211.250000,4.802461,
38,vector0,NA,NA,NA,NA,NA,NA,NA,NA,NA,NA,NA,NA,21.967777,39542,9.170874,9.062342,9.355376,9.187153,33,0.395858,53,0.317814,215.500000,211.625000,NA,NA,NA,NA,NA,NA,NA,NA,208.750000,4.118123,211.250000,4.909461,
39,vector0,NA,NA,NA,NA,NA,NA,NA,NA,NA,NA,NA,NA,10.720555,19297,7.227801,7.172202,7.750426,7.261160,17,0.345442,21,0.247707,87.125000,81.625000,NA,NA,NA,NA,NA,NA,NA,NA,80.625000,3.259203,81.250000,3.869272,
